commit,target,rust,cpu,governor,rss_bytes,profile,transport,payload_bytes,iterations,elapsed_ns,elapsed_ms,ops_per_second,bytes_per_second,p50_ns,p95_ns,p99_ns,checksum,notes
4a62727,aarch64-apple-darwin,1.97.1,Apple M4,managed,unknown,http,tcp,64,100000,38055333,38.055,7883257,168176166,125,167,208,10500000,codec+packet pipeline; sampled latency; synthetic traffic profile
4a62727,aarch64-apple-darwin,1.97.1,Apple M4,managed,unknown,http,tcp,512,100000,17451625,17.452,17190376,2933824214,125,167,208,55300000,codec+packet pipeline; sampled latency; synthetic traffic profile
4a62727,aarch64-apple-darwin,1.97.1,Apple M4,managed,unknown,http,tcp,1200,100000,17380500,17.381,17260723,6904289289,125,167,208,124100000,codec+packet pipeline; sampled latency; synthetic traffic profile
4a62727,aarch64-apple-darwin,1.97.1,Apple M4,managed,unknown,video,udp,64,100000,10700000,10.700,37383177,598130841,83,84,84,15700000,codec+packet pipeline; sampled latency; synthetic traffic profile
4a62727,aarch64-apple-darwin,1.97.1,Apple M4,managed,unknown,video,udp,512,100000,13020042,13.020,30721867,3932398989,84,125,125,105300000,codec+packet pipeline; sampled latency; synthetic traffic profile
4a62727,aarch64-apple-darwin,1.97.1,Apple M4,managed,unknown,video,udp,1200,100000,12355250,12.355,32374901,9712470407,84,125,125,242900000,codec+packet pipeline; sampled latency; synthetic traffic profile
4a62727,aarch64-apple-darwin,1.97.1,Apple M4,managed,unknown,mixed,tcp,64,100000,8770458,8.770,34205739,729722438,83,84,84,10500000,codec+packet pipeline; sampled latency; synthetic traffic profile
4a62727,aarch64-apple-darwin,1.97.1,Apple M4,managed,unknown,mixed,udp,512,100000,11228750,11.229,35622843,4559723922,83,125,125,105300000,codec+packet pipeline; sampled latency; synthetic traffic profile
4a62727,aarch64-apple-darwin,1.97.1,Apple M4,managed,unknown,mixed,udp,1200,100000,12114292,12.114,33018850,9905655237,84,125,125,242900000,codec+packet pipeline; sampled latency; synthetic traffic profile
